<?xml version="1.0" encoding="UTF-8"?>
<beans xmlns="http://www.springframework.org/schema/beans"
       xmlns:xsi="http://www.w3.org/2001/XMLSchema-instance"
       xsi:schemaLocation="http://www.springframework.org/schema/beans
           http://www.springframework.org/schema/beans/spring-beans-2.5.xsd">

	<bean id="car1" class="com.atos.myapp1.Car" scope="prototype"/>
	<bean id="car2" class="com.atos.myapp1.Car">
		<property name="regNum"><value>12345</value></property>
		<property name="name" value="Tata"></property>
	</bean>
	<bean id="engine1" class="com.atos.myapp1.Engine"/>



</beans>