<?xml version="1.0" encoding="UTF-8"?>
<beans xmlns="http://www.springframework.org/schema/beans"
       xmlns:xsi="http://www.w3.org/2001/XMLSchema-instance"
       xsi:schemaLocation="http://www.springframework.org/schema/beans
           http://www.springframework.org/schema/beans/spring-beans-2.5.xsd">

	<bean id="database" class="com.atos.myapp4_propertyplace.Database">
		<property name="driver"><value>${db.driver}</value></property>
		<property name="name" value="${db.un}"></property>
		<property name="pwd" value="${db.pwd}"></property>
	</bean>
	
	<bean class="org.springframework.beans.factory.config.PropertyPlaceholderConfigurer">
	<property name="location">
	<value>db.properties</value>
	</property>
	</bean>


</beans>