<?xml version="1.0" encoding="UTF-8"?>
<beans xmlns="http://www.springframework.org/schema/beans"
       xmlns:xsi="http://www.w3.org/2001/XMLSchema-instance"
       xsi:schemaLocation="http://www.springframework.org/schema/beans
           http://www.springframework.org/schema/beans/spring-beans-2.5.xsd">

	<bean id="ds" class="org.springframework.jdbc.datasource.DriverManagerDataSource">
		<property name="driverClassName"><value>${db.driver}</value></property>
		<property name="url"><value>${db.url}</value></property>
		<property name="username" value="${db.un}"></property>
		<property name="password" value="${db.pwd}"></property>
	</bean>
	<bean id="jdbcObj" class="org.springframework.jdbc.core.JdbcTemplate">
		<property name="dataSource" ref="ds"></property>
	</bean>
	
	<bean class="org.springframework.beans.factory.config.PropertyPlaceholderConfigurer">
	<property name="location">
	<value>db.properties</value>
	</property>
	</bean>

	<bean id="eDao" class="com.atos.myapp5_jdbc.EmployeeDao">
		<property name="jdbc" ref="jdbcObj"></property>
	</bean>

</beans>